{"cameraMode":{"drawMode":0,"name":"Shaded","section":"Shading Mode"},"sceneLighting":false,"audioPlay":false,"sceneViewState":{"showFog":true,"showMaterialUpdate":true,"showSkybox":false,"showFlares":true,"showImageEffects":true,"showParticleSystems":true},"in2DMode":false,"pivot":{"x":-0.3100000023841858,"y":0.940000057220459,"z":-1.2999999523162842},"rotation":{"x":0.14711488783359528,"y":0.3467966616153717,"z":-0.05530201643705368,"w":0.9247593283653259},"size":4.041658401489258,"orthographic":false}